{"options":{"awareOfChrome":false,"check_for_updates":true,"comment":null,"compat_arrayleft":false,"compat_foreach":false,"compat_forvarin":false,"compat_metadata":false,"compat_uW_gmonkey":false,"compat_wrappedjsobject":false,"compatopts_for_requires":true,"noframes":null,"override":{"merge_connects":true,"merge_excludes":true,"merge_includes":true,"merge_matches":true,"orig_connects":[],"orig_excludes":[],"orig_includes":["https://*.bilibili.com/*"],"orig_matches":[],"orig_noframes":null,"orig_run_at":"document-start","use_blockers":[],"use_connects":[],"use_excludes":[],"use_includes":[],"use_matches":[]},"run_at":null},"settings":{"enabled":true,"position":4},"meta":{"name":"Bilibili 港澳台","uuid":"a05d5a17-e495-42a2-8193-61cae284ac65","modified":1573129879548,"file_url":"https://greasyfork.org/scripts/375881-bilibili-%E6%B8%AF%E6%BE%B3%E5%8F%B0/code/Bilibili%20%E6%B8%AF%E6%BE%B3%E5%8F%B0.user.js"}}