{"options":{"awareOfChrome":false,"check_for_updates":true,"comment":null,"compat_arrayleft":false,"compat_foreach":false,"compat_forvarin":false,"compat_metadata":false,"compat_uW_gmonkey":false,"compat_wrappedjsobject":false,"compatopts_for_requires":true,"noframes":null,"override":{"merge_connects":true,"merge_excludes":true,"merge_includes":true,"merge_matches":true,"orig_connects":["api.ganfl.com","api.iquan.wang","tm.iquan.wang","taobao.com","*"],"orig_excludes":[],"orig_includes":[],"orig_matches":["*://v.qq.com/x/cover/*","*://v.qq.com/x/page/*","*://v.youku.com/v_show/*","*://*.iqiyi.com/v_*","*://*.iqiyi.com/dianying/*","*://*.mgtv.com/b/*","*://*.le.com/ptv/vplay/*","*://film.sohu.com/album/*","*://tv.sohu.com/*","*://v.pptv.com/show/*","*://pan.baidu.com/*","*://yun.baidu.com/*","*://v.yinyuetai.com/video/*","*://v.yinyuetai.com/playlist/*","*://*.wasu.cn/Play/show/*","*://*.tudou.com/listplay/*","*://*.tudou.com/v/*","*://*.tudou.com/albumplay/*","*://*.tudou.com/programs/view/*","*://item.taobao.com/*","*://detail.tmall.com/*","*://detail.liangxinyao.com/*","*://detail.tmall.hk/*","*://s.taobao.com/*","*://ai.taobao.com/search/*","*://list.tmall.com/*","*://list.tmall.hk/*","*://music.163.com/*","*://y.qq.com/*","*://www.kugou.com/*","*://www.kuwo.cn/*","*://www.xiami.com/*","*://music.baidu.com/*","*://www.qingting.fm/*","*://www.lizhi.fm/*","*://music.migu.cn/*","*://www.ximalaya.com/*","http://plus.iquan.wang/setting.html"],"orig_noframes":null,"orig_run_at":"document-idle","use_blockers":[],"use_connects":[],"use_excludes":[],"use_includes":[],"use_matches":[]},"run_at":null},"settings":{"enabled":true,"position":1},"meta":{"name":"【已持续更新一年，放心使用】网盘万能钥匙，网盘下载助手,自动查询百度网盘分享链接的提取码,全网VIP视频解析播放,全网付费音乐免费下载,淘宝、拼多多大额购物优惠券领取，支持历史价格查询","uuid":"401e6433-ca3b-42f3-8152-82e74d503a5c","modified":1573128212997,"file_url":"https://greasyfork.org/scripts/370811-%E5%B7%B2%E6%8C%81%E7%BB%AD%E6%9B%B4%E6%96%B0%E4%B8%80%E5%B9%B4-%E6%94%BE%E5%BF%83%E4%BD%BF%E7%94%A8-%E7%BD%91%E7%9B%98%E4%B8%87%E8%83%BD%E9%92%A5%E5%8C%99-%E7%BD%91%E7%9B%98%E4%B8%8B%E8%BD%BD%E5%8A%A9%E6%89%8B-%E8%87%AA%E5%8A%A8%E6%9F%A5%E8%AF%A2%E7%99%BE%E5%BA%A6%E7%BD%91%E7%9B%98%E5%88%86%E4%BA%AB%E9%93%BE%E6%8E%A5%E7%9A%84%E6%8F%90%E5%8F%96%E7%A0%81-%E5%85%A8%E7%BD%91vip%E8%A7%86%E9%A2%91%E8%A7%A3%E6%9E%90%E6%92%AD%E6%94%BE-%E5%85%A8%E7%BD%91%E4%BB%98%E8%B4%B9%E9%9F%B3%E4%B9%90%E5%85%8D%E8%B4%B9%E4%B8%8B%E8%BD%BD-%E6%B7%98%E5%AE%9D-%E6%8B%BC%E5%A4%9A%E5%A4%9A%E5%A4%A7%E9%A2%9D%E8%B4%AD%E7%89%A9%E4%BC%98%E6%83%A0%E5%88%B8%E9%A2%86%E5%8F%96-%E6%94%AF%E6%8C%81%E5%8E%86%E5%8F%B2%E4%BB%B7%E6%A0%BC%E6%9F%A5%E8%AF%A2/code/%E3%80%90%E5%B7%B2%E6%8C%81%E7%BB%AD%E6%9B%B4%E6%96%B0%E4%B8%80%E5%B9%B4%EF%BC%8C%E6%94%BE%E5%BF%83%E4%BD%BF%E7%94%A8%E3%80%91%E7%BD%91%E7%9B%98%E4%B8%87%E8%83%BD%E9%92%A5%E5%8C%99%EF%BC%8C%E7%BD%91%E7%9B%98%E4%B8%8B%E8%BD%BD%E5%8A%A9%E6%89%8B,%E8%87%AA%E5%8A%A8%E6%9F%A5%E8%AF%A2%E7%99%BE%E5%BA%A6%E7%BD%91%E7%9B%98%E5%88%86%E4%BA%AB%E9%93%BE%E6%8E%A5%E7%9A%84%E6%8F%90%E5%8F%96%E7%A0%81,%E5%85%A8%E7%BD%91VIP%E8%A7%86%E9%A2%91%E8%A7%A3%E6%9E%90%E6%92%AD%E6%94%BE,%E5%85%A8%E7%BD%91%E4%BB%98%E8%B4%B9%E9%9F%B3%E4%B9%90%E5%85%8D%E8%B4%B9%E4%B8%8B%E8%BD%BD,%E6%B7%98%E5%AE%9D%E3%80%81%E6%8B%BC%E5%A4%9A%E5%A4%9A%E5%A4%A7%E9%A2%9D%E8%B4%AD%E7%89%A9%E4%BC%98%E6%83%A0%E5%88%B8%E9%A2%86%E5%8F%96%EF%BC%8C%E6%94%AF%E6%8C%81%E5%8E%86%E5%8F%B2%E4%BB%B7%E6%A0%BC%E6%9F%A5%E8%AF%A2.user.js"}}