{"options":{"check_for_updates":true,"comment":null,"compatopts_for_requires":true,"compat_wrappedjsobject":false,"compat_metadata":false,"compat_foreach":false,"compat_arrayleft":false,"compat_uW_gmonkey":false,"compat_forvarin":false,"noframes":null,"awareOfChrome":false,"run_at":null,"override":{"use_includes":[],"orig_includes":["*://www.bilibili.com/video/av*","*://www.bilibili.com/bangumi/play/ep*","*://www.bilibili.com/bangumi/play/ss*","*://m.bilibili.com/bangumi/play/ep*","*://m.bilibili.com/bangumi/play/ss*","*://bangumi.bilibili.com/anime/*","*://bangumi.bilibili.com/movie/*","*://www.bilibili.com/bangumi/media/md*","*://www.bilibili.com/blackboard/html5player.html*","*://link.acg.tv/forum.php*"],"merge_includes":true,"use_matches":[],"orig_matches":[],"merge_matches":true,"use_excludes":[],"orig_excludes":[],"merge_excludes":true,"use_connects":[],"merge_connects":true,"use_blockers":[],"orig_run_at":"document-start","orig_noframes":null,"orig_connects":[]}},"settings":{"enabled":false,"position":6},"meta":{"name":"解除B站区域限制","uuid":"de7e2f98-907f-4175-b26e-fd98d38833db","modified":1573183063565,"file_url":"https://greasyfork.org/scripts/25718-%E8%A7%A3%E9%99%A4b%E7%AB%99%E5%8C%BA%E5%9F%9F%E9%99%90%E5%88%B6/code/%E8%A7%A3%E9%99%A4B%E7%AB%99%E5%8C%BA%E5%9F%9F%E9%99%90%E5%88%B6.user.js"}}