{"options":{"awareOfChrome":false,"check_for_updates":true,"comment":null,"compat_arrayleft":false,"compat_foreach":false,"compat_forvarin":false,"compat_metadata":false,"compat_uW_gmonkey":false,"compat_wrappedjsobject":false,"compatopts_for_requires":true,"noframes":null,"override":{"merge_connects":true,"merge_excludes":true,"merge_includes":true,"merge_matches":true,"orig_connects":[],"orig_excludes":[],"orig_includes":[],"orig_matches":["https://www.feimaoyun.com/*"],"orig_noframes":null,"orig_run_at":"document-start","use_blockers":[],"use_connects":[],"use_excludes":[],"use_includes":[],"use_matches":[]},"run_at":null},"settings":{"enabled":true,"position":2},"meta":{"name":"清爽的飞猫云 0.2","uuid":"9623c45e-aab5-48c1-8c49-158943e862ee","modified":1573128627096,"file_url":"https://greasyfork.org/scripts/375604-%E6%B8%85%E7%88%BD%E7%9A%84%E9%A3%9E%E7%8C%AB%E4%BA%91-0-2/code/%E6%B8%85%E7%88%BD%E7%9A%84%E9%A3%9E%E7%8C%AB%E4%BA%91%2002.user.js"}}